bench,depth,contexts,time_sec,cell
basic,1,1,0.10395900408426913,104ms
basic,1,2,0.12781524658203125,128ms
basic,1,3,0.12973054250081376,130ms
basic,1,5,0.13102149963378903,131ms
basic,1,10,0.13469282786051426,135ms
basic,2,1,0.1320478916168212,132ms
basic,2,2,0.1756197611490885,176ms
basic,2,3,0.17876474062601722,179ms
basic,2,5,0.1836009820302327,184ms
basic,2,10,0.2039093971252441,204ms
basic,3,1,0.15459624926249185,155ms
basic,3,2,0.21234639485677076,212ms
basic,3,3,0.2268195947011311,227ms
basic,3,5,0.24697677294413245,247ms
basic,3,10,0.46614956855773926,466ms
basic,4,1,0.17826390266418454,178ms
basic,4,2,0.2501504421234131,250ms
basic,4,3,0.2710297107696533,271ms
basic,4,5,0.41288288434346515,413ms
basic,4,10,2.8069209257761636,2.8s
collections,1,1,0.09004648526509597,90ms
collections,1,2,0.1119601726531982,112ms
collections,1,3,0.11314566930135088,113ms
collections,1,5,0.11340506871541339,113ms
collections,1,10,0.11545038223266597,115ms
collections,2,1,0.12542668978373206,125ms
collections,2,2,0.1640701293945312,164ms
collections,2,3,0.16780281066894523,168ms
collections,2,5,0.17327292760213212,173ms
collections,2,10,0.18961675961812333,190ms
collections,3,1,0.14633226394653318,146ms
collections,3,2,0.20046329498291016,200ms
collections,3,3,0.21024004618326822,210ms
collections,3,5,0.22647881507873532,226ms
collections,3,10,0.4022075335184733,402ms
collections,4,1,0.16840688387552893,168ms
collections,4,2,0.23631389935811353,236ms
collections,4,3,0.25377901395161945,254ms
collections,4,5,0.36923686663309735,369ms
collections,4,10,2.2380618254343667,2.2s
cornerCases,1,1,0.10479903221130366,105ms
cornerCases,1,2,0.13040359814961747,130ms
cornerCases,1,3,0.13077775637308756,131ms
cornerCases,1,5,0.13242038091023758,132ms
cornerCases,1,10,0.1364426612854003,136ms
cornerCases,2,1,0.13340441385904941,133ms
cornerCases,2,2,0.176615556081136,177ms
cornerCases,2,3,0.1839288870493571,184ms
cornerCases,2,5,0.1883607705434163,188ms
cornerCases,2,10,0.21587435404459632,216ms
cornerCases,3,1,0.15565204620361325,156ms
cornerCases,3,2,0.21428990364074704,214ms
cornerCases,3,3,0.22461009025573728,225ms
cornerCases,3,5,0.2585947513580322,259ms
cornerCases,3,10,0.5134627024332682,513ms
cornerCases,4,1,0.1811560789744059,181ms
cornerCases,4,2,0.25526420275370276,255ms
cornerCases,4,3,0.28261764844258624,283ms
cornerCases,4,5,0.4469293753306071,447ms
cornerCases,4,10,3.3224236170450845,3.3s
generalJava,1,1,0.08902382850646966,89ms
generalJava,1,2,0.10901021957397457,109ms
generalJava,1,3,0.11090350151062006,111ms
generalJava,1,5,0.1109215418497721,111ms
generalJava,1,10,0.11578329404195142,116ms
generalJava,2,1,0.12094910939534499,121ms
generalJava,2,2,0.15878423055013013,159ms
generalJava,2,3,0.16295735041300452,163ms
generalJava,2,5,0.16952069600423172,170ms
generalJava,2,10,0.18681184450785318,187ms
generalJava,3,1,0.1402830282847086,140ms
generalJava,3,2,0.1921753883361816,192ms
generalJava,3,3,0.1994713147481282,199ms
generalJava,3,5,0.21977678934733072,220ms
generalJava,3,10,0.40055394172668457,401ms
generalJava,4,1,0.1610987981160482,161ms
generalJava,4,2,0.22632129987080893,226ms
generalJava,4,3,0.24349776903788242,243ms
generalJava,4,5,0.35887447992960614,359ms
generalJava,4,10,2.1780974864959717,2.2s
reactor,1,1,0.4788546562194824,479ms
reactor,1,2,0.6226728757222494,623ms
reactor,1,3,0.652224063873291,652ms
reactor,1,5,0.7524129549662272,752ms
reactor,1,10,0.936770518620809,937ms
reactor,2,1,0.5837346712748209,584ms
reactor,2,2,1.1349050998687744,1.1s
reactor,2,3,1.0634979406992595,1.1s
reactor,2,5,1.5193850199381511,1.5s
reactor,2,10,4.19338043530782,4.2s
reactor,3,1,0.7523611386617025,752ms
reactor,3,2,1.5180815855662029,1.5s
reactor,3,3,1.888710021972656,1.9s
reactor,3,5,4.262494405110677,4.3s
reactor,3,10,22.692092498143513,22.7s
reactor,4,1,1.04573392868042,1s
reactor,4,2,2.2697877089182534,2.3s
reactor,4,3,3.679209073384603,3.7s
reactor,4,5,17.23855463663737,17.2s
reactor,4,10,184.87483739852905,185s
org_jivesoftware_openfire,1,1,1.8367084662119548,1.8s
org_jivesoftware_openfire,1,2,2.3127384980519614,2.3s
org_jivesoftware_openfire,1,3,2.57920511563619,2.6s
org_jivesoftware_openfire,1,5,3.601053237915039,3.6s
org_jivesoftware_openfire,1,10,5.995300928751628,6s
org_jivesoftware_openfire,2,1,2.132014592488607,2.1s
org_jivesoftware_openfire,2,2,3.2834057807922363,3.3s
org_jivesoftware_openfire,2,3,5.419605811436971,5.4s
org_jivesoftware_openfire,2,5,9.501400391260782,9.5s
org_jivesoftware_openfire,2,10,29.32604217529297,29.3s
org_jivesoftware_openfire,3,1,2.272512435913086,2.3s
org_jivesoftware_openfire,3,2,5.60512129465739,5.6s
org_jivesoftware_openfire,3,3,10.33701761563619,10.3s
org_jivesoftware_openfire,3,5,30.517722288767498,30.5s
org_jivesoftware_openfire,3,10,172.18856120109558,172s
org_jivesoftware_openfire,4,1,2.423237164815267,2.4s
org_jivesoftware_openfire,4,2,7.822555303573608,7.8s
org_jivesoftware_openfire,4,3,25.913970788319904,25.9s
org_jivesoftware_openfire,4,5,121.15764617919922,121s
org_jivesoftware_openfire,4,10,,OOM
com_fasterxml_jackson,1,1,13.807321627934774,13.8s
com_fasterxml_jackson,1,2,16.093344529469807,16.1s
com_fasterxml_jackson,1,3,18.877879699071247,18.9s
com_fasterxml_jackson,1,5,25.26535113652547,25.3s
com_fasterxml_jackson,1,10,36.7755401134491,36.8s
com_fasterxml_jackson,2,1,16.35948371887207,16.4s
com_fasterxml_jackson,2,2,26.323652505874634,26.3s
com_fasterxml_jackson,2,3,39.538642485936485,39.5s
com_fasterxml_jackson,2,5,78.90534806251526,78.9s
com_fasterxml_jackson,2,10,218.76208591461182,219s
com_fasterxml_jackson,3,1,18.487374146779377,18.5s
com_fasterxml_jackson,3,2,41.70934136708578,41.7s
com_fasterxml_jackson,3,3,94.24819231033325,94.2s
com_fasterxml_jackson,3,5,287.73042766253155,288s
com_fasterxml_jackson,3,10,,OOT
com_fasterxml_jackson,4,1,20.106764793395996,20.1s
com_fasterxml_jackson,4,2,71.46638743082683,71.5s
com_fasterxml_jackson,4,3,228.81509311993918,229s
com_fasterxml_jackson,4,5,,OOT
com_fasterxml_jackson,4,10,,OOM
org_apache_jackrabbit,1,1,29.89402945836385,29.9s
org_apache_jackrabbit,1,2,36.92769440015157,36.9s
org_apache_jackrabbit,1,3,41.1176442305247,41.1s
org_apache_jackrabbit,1,5,53.47594936688741,53.5s
org_apache_jackrabbit,1,10,74.98895907402039,75.0s
org_apache_jackrabbit,2,1,35.534977197647095,35.5s
org_apache_jackrabbit,2,2,62.16177296638489,62.2s
org_apache_jackrabbit,2,3,89.92876156171162,89.9s
org_apache_jackrabbit,2,5,167.43122045199075,167s
org_apache_jackrabbit,2,10,718.8531509240469,719s
org_apache_jackrabbit,3,1,38.25765331586202,38.3s
org_apache_jackrabbit,3,2,100.85716152191162,101s
org_apache_jackrabbit,3,3,215.11655529340112,215s
org_apache_jackrabbit,3,5,1023.3297200202942,1023s
org_apache_jackrabbit,3,10,,OOM
org_apache_jackrabbit,4,1,41.38980054855347,41.4s
org_apache_jackrabbit,4,2,175.88285120328268,176s
org_apache_jackrabbit,4,3,684.1327474912008,684s
org_apache_jackrabbit,4,5,,OOM
org_apache_jackrabbit,4,10,,OOM
